{
    "driver": {
        "bands": null,
        "delimiters": {
            "bounds": [
                -20037508.3427892,
                -20037508.3427892,
                20037508.3427892,
                20037508.3427892
            ],
            "effective_bounds": [
                -20037508.3427892,
                -20037508.3427892,
                20037508.3427892,
                20037508.3427892
            ],
            "process_bounds": [
                -20037508.3427892,
                -20037508.3427892,
                20037508.3427892,
                20037508.3427892
            ],
            "zoom": [
                11,
                12,
                13,
                14,
                15
            ]
        },
        "dtype": null,
        "format": "PNG",
        "mode": "continue"
    },
    "pyramid": {
        "grid": {
            "bounds": [
                -20037508.3427892,
                -20037508.3427892,
                20037508.3427892,
                20037508.3427892
            ],
            "is_global": true,
            "shape": [
                1,
                1
            ],
            "srs": {
                "wkt": "PROJCS[\"WGS 84 / Pseudo-Mercator\",GEOGCS[\"WGS 84\",DATUM[\"WGS_1984\",SPHEROID[\"WGS 84\",6378137,298.257223563,AUTHORITY[\"EPSG\",\"7030\"]],AUTHORITY[\"EPSG\",\"6326\"]],PRIMEM[\"Greenwich\",0,AUTHORITY[\"EPSG\",\"8901\"]],UNIT[\"degree\",0.0174532925199433,AUTHORITY[\"EPSG\",\"9122\"]],AUTHORITY[\"EPSG\",\"4326\"]],PROJECTION[\"Mercator_1SP\"],PARAMETER[\"central_meridian\",0],PARAMETER[\"scale_factor\",1],PARAMETER[\"false_easting\",0],PARAMETER[\"false_northing\",0],UNIT[\"metre\",1,AUTHORITY[\"EPSG\",\"9001\"]],AXIS[\"Easting\",EAST],AXIS[\"Northing\",NORTH],EXTENSION[\"PROJ4\",\"+proj=merc +a=6378137 +b=6378137 +lat_ts=0 +lon_0=0 +x_0=0 +y_0=0 +k=1 +units=m +nadgrids=@null +wktext +no_defs\"],AUTHORITY[\"EPSG\",\"3857\"]]"
            },
            "type": "mercator"
        },
        "metatiling": 1,
        "pixelbuffer": 0,
        "tile_size": 256
    }
}